Nom Francais,Nom Anglais,Classification,Lien trailer
,Fast and Furious 19,Nouveau mouvie ,https://www.youtube.com/shorts/4GuTVY7XHoM
Les Tuches,,Big classique,https://www.youtube.com/watch?v=ndCzT6dyOqk
Comment devenir riche (grâce à sa grand-mère),How to Make Millions Before Grandma Dies,Reco coup de <3,https://youtu.be/HrVX_nHNIUA
Les graines du figuier sauvage,The Seed of the Sacred Fig,Nouveau mouvie ,https://www.youtube.com/watch?v=hXKAmhlkMV8
Une part manquante,,Nouveau mouvie ,https://youtu.be/xp-Knk4zy1M
,All we imagine as light,Nouveau mouvie ,https://youtu.be/2mgQcpmYr_A
Mémoires d'un corps brûlant,Memories of a burning body,Nouveau mouvie ,https://youtu.be/20pEGWFhxf8
,The Misfits,Big classique,https://youtu.be/20pEGWFhxf8
a,b,,z
,bf,,ssa
